STATION,NAME,DATE,TAVG,TMAX,TMIN
USW00014771,"SYRACUSE HANCOCK INTERNATIONAL AIRPORT, NY US",8/24/23,68,71,65
USW00014771,"SYRACUSE HANCOCK INTERNATIONAL AIRPORT, NY US",8/25/23,72,79,68
USW00014771,"SYRACUSE HANCOCK INTERNATIONAL AIRPORT, NY US",8/26/23,73,80,64
USW00014771,"SYRACUSE HANCOCK INTERNATIONAL AIRPORT, NY US",8/27/23,66,75,59
USW00014771,"SYRACUSE HANCOCK INTERNATIONAL AIRPORT, NY US",8/28/23,64,75,54
USW00014771,"SYRACUSE HANCOCK INTERNATIONAL AIRPORT, NY US",8/29/23,71,78,65
USW00014771,"SYRACUSE HANCOCK INTERNATIONAL AIRPORT, NY US",8/30/23,67,74,58
USW00014771,"SYRACUSE HANCOCK INTERNATIONAL AIRPORT, NY US",8/31/23,62,74,50
USW00014771,"SYRACUSE HANCOCK INTERNATIONAL AIRPORT, NY US",9/1/23,63,78,50
USW00014771,"SYRACUSE HANCOCK INTERNATIONAL AIRPORT, NY US",9/2/23,68,82,54
USW00014771,"SYRACUSE HANCOCK INTERNATIONAL AIRPORT, NY US",9/3/23,75,87,64
USW00014771,"SYRACUSE HANCOCK INTERNATIONAL AIRPORT, NY US",9/4/23,78,88,69
USW00014771,"SYRACUSE HANCOCK INTERNATIONAL AIRPORT, NY US",9/5/23,78,90,68
USW00014771,"SYRACUSE HANCOCK INTERNATIONAL AIRPORT, NY US",9/6/23,79,92,67
USW00014771,"SYRACUSE HANCOCK INTERNATIONAL AIRPORT, NY US",9/7/23,78,89,69
USW00014771,"SYRACUSE HANCOCK INTERNATIONAL AIRPORT, NY US",9/8/23,72,79,67
USW00014771,"SYRACUSE HANCOCK INTERNATIONAL AIRPORT, NY US",9/9/23,68,73,63
USW00014771,"SYRACUSE HANCOCK INTERNATIONAL AIRPORT, NY US",9/10/23,68,72,66
USW00014771,"SYRACUSE HANCOCK INTERNATIONAL AIRPORT, NY US",9/11/23,67,70,60
USW00014771,"SYRACUSE HANCOCK INTERNATIONAL AIRPORT, NY US",9/12/23,68,83,58
USW00014771,"SYRACUSE HANCOCK INTERNATIONAL AIRPORT, NY US",9/13/23,68,75,58
USW00014771,"SYRACUSE HANCOCK INTERNATIONAL AIRPORT, NY US",9/14/23,61,69,52
USW00014771,"SYRACUSE HANCOCK INTERNATIONAL AIRPORT, NY US",9/15/23,59,73,47
USW00014771,"SYRACUSE HANCOCK INTERNATIONAL AIRPORT, NY US",9/16/23,60,74,49
USW00014771,"SYRACUSE HANCOCK INTERNATIONAL AIRPORT, NY US",9/17/23,62,72,54
USW00014771,"SYRACUSE HANCOCK INTERNATIONAL AIRPORT, NY US",9/18/23,63,75,56
USW00014771,"SYRACUSE HANCOCK INTERNATIONAL AIRPORT, NY US",9/19/23,62,69,50
USW00014771,"SYRACUSE HANCOCK INTERNATIONAL AIRPORT, NY US",9/20/23,58,69,47
USW00014771,"SYRACUSE HANCOCK INTERNATIONAL AIRPORT, NY US",9/21/23,57,72,45
USW00014771,"SYRACUSE HANCOCK INTERNATIONAL AIRPORT, NY US",9/22/23,59,75,45
USW00014771,"SYRACUSE HANCOCK INTERNATIONAL AIRPORT, NY US",9/23/23,58,63,52
USW00014771,"SYRACUSE HANCOCK INTERNATIONAL AIRPORT, NY US",9/24/23,58,64,54
USW00014771,"SYRACUSE HANCOCK INTERNATIONAL AIRPORT, NY US",9/25/23,63,74,55
USW00014771,"SYRACUSE HANCOCK INTERNATIONAL AIRPORT, NY US",9/26/23,59,68,49
USW00014771,"SYRACUSE HANCOCK INTERNATIONAL AIRPORT, NY US",9/27/23,56,73,42
USW00014771,"SYRACUSE HANCOCK INTERNATIONAL AIRPORT, NY US",9/28/23,57,73,44
USW00014771,"SYRACUSE HANCOCK INTERNATIONAL AIRPORT, NY US",9/29/23,62,71,57
USW00014771,"SYRACUSE HANCOCK INTERNATIONAL AIRPORT, NY US",9/30/23,63,77,51
USW00014771,"SYRACUSE HANCOCK INTERNATIONAL AIRPORT, NY US",10/1/23,64,79,55
USW00014771,"SYRACUSE HANCOCK INTERNATIONAL AIRPORT, NY US",10/2/23,66,80,55
USW00014771,"SYRACUSE HANCOCK INTERNATIONAL AIRPORT, NY US",10/3/23,69,84,58
USW00014771,"SYRACUSE HANCOCK INTERNATIONAL AIRPORT, NY US",10/4/23,71,89,57
USW00014771,"SYRACUSE HANCOCK INTERNATIONAL AIRPORT, NY US",10/5/23,71,85,59
USW00014771,"SYRACUSE HANCOCK INTERNATIONAL AIRPORT, NY US",10/6/23,71,75,65
USW00014771,"SYRACUSE HANCOCK INTERNATIONAL AIRPORT, NY US",10/7/23,60,65,49
USW00014771,"SYRACUSE HANCOCK INTERNATIONAL AIRPORT, NY US",10/8/23,52,60,49
USW00014771,"SYRACUSE HANCOCK INTERNATIONAL AIRPORT, NY US",10/9/23,52,59,49
USW00014771,"SYRACUSE HANCOCK INTERNATIONAL AIRPORT, NY US",10/10/23,53,58,47
USW00014771,"SYRACUSE HANCOCK INTERNATIONAL AIRPORT, NY US",10/11/23,53,62,49
USW00014771,"SYRACUSE HANCOCK INTERNATIONAL AIRPORT, NY US",10/12/23,56,64,43
USW00014771,"SYRACUSE HANCOCK INTERNATIONAL AIRPORT, NY US",10/13/23,51,61,42
USW00014771,"SYRACUSE HANCOCK INTERNATIONAL AIRPORT, NY US",10/14/23,50,56,45
USW00014771,"SYRACUSE HANCOCK INTERNATIONAL AIRPORT, NY US",10/15/23,50,53,45
USW00014771,"SYRACUSE HANCOCK INTERNATIONAL AIRPORT, NY US",10/16/23,53,62,49
USW00014771,"SYRACUSE HANCOCK INTERNATIONAL AIRPORT, NY US",10/17/23,53,59,47
USW00014771,"SYRACUSE HANCOCK INTERNATIONAL AIRPORT, NY US",10/18/23,54,59,46
USW00014771,"SYRACUSE HANCOCK INTERNATIONAL AIRPORT, NY US",10/19/23,53,65,41
USW00014771,"SYRACUSE HANCOCK INTERNATIONAL AIRPORT, NY US",10/20/23,62,69,56
USW00014771,"SYRACUSE HANCOCK INTERNATIONAL AIRPORT, NY US",10/21/23,55,56,47
USW00014771,"SYRACUSE HANCOCK INTERNATIONAL AIRPORT, NY US",10/22/23,46,47,42
USW00014771,"SYRACUSE HANCOCK INTERNATIONAL AIRPORT, NY US",10/23/23,47,56,40
USW00014771,"SYRACUSE HANCOCK INTERNATIONAL AIRPORT, NY US",10/24/23,51,70,40
USW00014771,"SYRACUSE HANCOCK INTERNATIONAL AIRPORT, NY US",10/25/23,64,77,56
USW00014771,"SYRACUSE HANCOCK INTERNATIONAL AIRPORT, NY US",10/26/23,63,71,59
USW00014771,"SYRACUSE HANCOCK INTERNATIONAL AIRPORT, NY US",10/27/23,67,78,58
USW00014771,"SYRACUSE HANCOCK INTERNATIONAL AIRPORT, NY US",10/28/23,62,68,45
USW00014771,"SYRACUSE HANCOCK INTERNATIONAL AIRPORT, NY US",10/29/23,47,48,44
USW00014771,"SYRACUSE HANCOCK INTERNATIONAL AIRPORT, NY US",10/30/23,46,47,39
USW00014771,"SYRACUSE HANCOCK INTERNATIONAL AIRPORT, NY US",10/31/23,40,44,36
USW00014771,"SYRACUSE HANCOCK INTERNATIONAL AIRPORT, NY US",11/1/23,37,40,34
USW00014771,"SYRACUSE HANCOCK INTERNATIONAL AIRPORT, NY US",11/2/23,39,46,32
USW00014771,"SYRACUSE HANCOCK INTERNATIONAL AIRPORT, NY US",11/3/23,50,61,42
USW00014771,"SYRACUSE HANCOCK INTERNATIONAL AIRPORT, NY US",11/4/23,54,58,48
USW00014771,"SYRACUSE HANCOCK INTERNATIONAL AIRPORT, NY US",11/5/23,49,52,38
USW00014771,"SYRACUSE HANCOCK INTERNATIONAL AIRPORT, NY US",11/6/23,43,56,37
USW00014771,"SYRACUSE HANCOCK INTERNATIONAL AIRPORT, NY US",11/7/23,55,60,36
USW00014771,"SYRACUSE HANCOCK INTERNATIONAL AIRPORT, NY US",11/8/23,37,38,32
USW00014771,"SYRACUSE HANCOCK INTERNATIONAL AIRPORT, NY US",11/9/23,39,48,34
USW00014771,"SYRACUSE HANCOCK INTERNATIONAL AIRPORT, NY US",11/10/23,47,52,40
USW00014771,"SYRACUSE HANCOCK INTERNATIONAL AIRPORT, NY US",11/11/23,40,44,34
USW00014771,"SYRACUSE HANCOCK INTERNATIONAL AIRPORT, NY US",11/12/23,37,44,27
USW00014771,"SYRACUSE HANCOCK INTERNATIONAL AIRPORT, NY US",11/13/23,33,50,24
USW00014771,"SYRACUSE HANCOCK INTERNATIONAL AIRPORT, NY US",11/14/23,42,45,30
USW00014771,"SYRACUSE HANCOCK INTERNATIONAL AIRPORT, NY US",11/15/23,40,58,29
USW00014771,"SYRACUSE HANCOCK INTERNATIONAL AIRPORT, NY US",11/16/23,46,63,33
USW00014771,"SYRACUSE HANCOCK INTERNATIONAL AIRPORT, NY US",11/17/23,54,65,40
USW00014771,"SYRACUSE HANCOCK INTERNATIONAL AIRPORT, NY US",11/18/23,42,45,34
USW00014771,"SYRACUSE HANCOCK INTERNATIONAL AIRPORT, NY US",11/19/23,41,50,34
USW00014771,"SYRACUSE HANCOCK INTERNATIONAL AIRPORT, NY US",11/20/23,33,38,25
USW00014771,"SYRACUSE HANCOCK INTERNATIONAL AIRPORT, NY US",11/21/23,30,39,24
USW00014771,"SYRACUSE HANCOCK INTERNATIONAL AIRPORT, NY US",11/22/23,40,47,36
USW00014771,"SYRACUSE HANCOCK INTERNATIONAL AIRPORT, NY US",11/23/23,43,46,39
USW00014771,"SYRACUSE HANCOCK INTERNATIONAL AIRPORT, NY US",11/24/23,38,43,31
USW00014771,"SYRACUSE HANCOCK INTERNATIONAL AIRPORT, NY US",11/25/23,34,42,28
USW00014771,"SYRACUSE HANCOCK INTERNATIONAL AIRPORT, NY US",11/26/23,36,47,28
USW00014771,"SYRACUSE HANCOCK INTERNATIONAL AIRPORT, NY US",11/27/23,41,44,32
USW00014771,"SYRACUSE HANCOCK INTERNATIONAL AIRPORT, NY US",11/28/23,30,34,25
USW00014771,"SYRACUSE HANCOCK INTERNATIONAL AIRPORT, NY US",11/29/23,28,34,24
USW00014771,"SYRACUSE HANCOCK INTERNATIONAL AIRPORT, NY US",11/30/23,38,50,27
USW00014771,"SYRACUSE HANCOCK INTERNATIONAL AIRPORT, NY US",12/1/23,48,54,42
USW00014771,"SYRACUSE HANCOCK INTERNATIONAL AIRPORT, NY US",12/2/23,45,49,41
USW00014771,"SYRACUSE HANCOCK INTERNATIONAL AIRPORT, NY US",12/3/23,43,50,41
USW00014771,"SYRACUSE HANCOCK INTERNATIONAL AIRPORT, NY US",12/4/23,42,46,34
USW00014771,"SYRACUSE HANCOCK INTERNATIONAL AIRPORT, NY US",12/5/23,34,36,33
USW00014771,"SYRACUSE HANCOCK INTERNATIONAL AIRPORT, NY US",12/6/23,32,34,27
USW00014771,"SYRACUSE HANCOCK INTERNATIONAL AIRPORT, NY US",12/7/23,29,39,25
USW00014771,"SYRACUSE HANCOCK INTERNATIONAL AIRPORT, NY US",12/8/23,41,51,32
USW00014771,"SYRACUSE HANCOCK INTERNATIONAL AIRPORT, NY US",12/9/23,49,58,43
USW00014771,"SYRACUSE HANCOCK INTERNATIONAL AIRPORT, NY US",12/10/23,51,55,38
USW00014771,"SYRACUSE HANCOCK INTERNATIONAL AIRPORT, NY US",12/11/23,37,38,34
USW00014771,"SYRACUSE HANCOCK INTERNATIONAL AIRPORT, NY US",12/12/23,38,46,34
USW00014771,"SYRACUSE HANCOCK INTERNATIONAL AIRPORT, NY US",12/13/23,37,40,30
USW00014771,"SYRACUSE HANCOCK INTERNATIONAL AIRPORT, NY US",12/14/23,34,41,27
USW00014771,"SYRACUSE HANCOCK INTERNATIONAL AIRPORT, NY US",12/15/23,45,57,40
USW00014771,"SYRACUSE HANCOCK INTERNATIONAL AIRPORT, NY US",12/16/23,45,52,39
USW00014771,"SYRACUSE HANCOCK INTERNATIONAL AIRPORT, NY US",12/17/23,44,49,39
USW00014771,"SYRACUSE HANCOCK INTERNATIONAL AIRPORT, NY US",12/18/23,45,48,39
USW00014771,"SYRACUSE HANCOCK INTERNATIONAL AIRPORT, NY US",12/19/23,33,39,25
USW00014771,"SYRACUSE HANCOCK INTERNATIONAL AIRPORT, NY US",12/20/23,30,36,24
USW00014771,"SYRACUSE HANCOCK INTERNATIONAL AIRPORT, NY US",12/21/23,30,34,19
USW00014771,"SYRACUSE HANCOCK INTERNATIONAL AIRPORT, NY US",12/22/23,23,32,17
USW00014771,"SYRACUSE HANCOCK INTERNATIONAL AIRPORT, NY US",12/23/23,32,39,29
USW00014771,"SYRACUSE HANCOCK INTERNATIONAL AIRPORT, NY US",12/24/23,37,39,35
USW00014771,"SYRACUSE HANCOCK INTERNATIONAL AIRPORT, NY US",12/25/23,40,53,35
USW00014771,"SYRACUSE HANCOCK INTERNATIONAL AIRPORT, NY US",12/26/23,39,44,32
USW00014771,"SYRACUSE HANCOCK INTERNATIONAL AIRPORT, NY US",12/27/23,44,47,43
USW00014771,"SYRACUSE HANCOCK INTERNATIONAL AIRPORT, NY US",12/28/23,45,50,41
USW00014771,"SYRACUSE HANCOCK INTERNATIONAL AIRPORT, NY US",12/29/23,42,45,35
USW00014771,"SYRACUSE HANCOCK INTERNATIONAL AIRPORT, NY US",12/30/23,33,35,29
USW00014771,"SYRACUSE HANCOCK INTERNATIONAL AIRPORT, NY US",12/31/23,29,31,27
USW00014771,"SYRACUSE HANCOCK INTERNATIONAL AIRPORT, NY US",1/1/24,26,28,22
USW00014771,"SYRACUSE HANCOCK INTERNATIONAL AIRPORT, NY US",1/2/24,31,37,28
USW00014771,"SYRACUSE HANCOCK INTERNATIONAL AIRPORT, NY US",1/3/24,35,38,34
USW00014771,"SYRACUSE HANCOCK INTERNATIONAL AIRPORT, NY US",1/4/24,31,36,23
USW00014771,"SYRACUSE HANCOCK INTERNATIONAL AIRPORT, NY US",1/5/24,26,30,22
USW00014771,"SYRACUSE HANCOCK INTERNATIONAL AIRPORT, NY US",1/6/24,30,33,27
USW00014771,"SYRACUSE HANCOCK INTERNATIONAL AIRPORT, NY US",1/7/24,29,32,27
USW00014771,"SYRACUSE HANCOCK INTERNATIONAL AIRPORT, NY US",1/8/24,31,35,25
USW00014771,"SYRACUSE HANCOCK INTERNATIONAL AIRPORT, NY US",1/9/24,32,41,29
USW00014771,"SYRACUSE HANCOCK INTERNATIONAL AIRPORT, NY US",1/10/24,38,42,33
USW00014771,"SYRACUSE HANCOCK INTERNATIONAL AIRPORT, NY US",1/11/24,35,39,33
USW00014771,"SYRACUSE HANCOCK INTERNATIONAL AIRPORT, NY US",1/12/24,37,43,32
USW00014771,"SYRACUSE HANCOCK INTERNATIONAL AIRPORT, NY US",1/13/24,38,42,29
USW00014771,"SYRACUSE HANCOCK INTERNATIONAL AIRPORT, NY US",1/14/24,29,32,18
USW00014771,"SYRACUSE HANCOCK INTERNATIONAL AIRPORT, NY US",1/15/24,19,26,14
USW00014771,"SYRACUSE HANCOCK INTERNATIONAL AIRPORT, NY US",1/16/24,20,23,16
USW00014771,"SYRACUSE HANCOCK INTERNATIONAL AIRPORT, NY US",1/17/24,16,22,9
USW00014771,"SYRACUSE HANCOCK INTERNATIONAL AIRPORT, NY US",1/18/24,23,28,20
USW00014771,"SYRACUSE HANCOCK INTERNATIONAL AIRPORT, NY US",1/19/24,24,26,8
USW00014771,"SYRACUSE HANCOCK INTERNATIONAL AIRPORT, NY US",1/20/24,11,16,7
USW00014771,"SYRACUSE HANCOCK INTERNATIONAL AIRPORT, NY US",1/21/24,17,26,12
USW00014771,"SYRACUSE HANCOCK INTERNATIONAL AIRPORT, NY US",1/22/24,26,38,16
USW00014771,"SYRACUSE HANCOCK INTERNATIONAL AIRPORT, NY US",1/23/24,34,36,32
USW00014771,"SYRACUSE HANCOCK INTERNATIONAL AIRPORT, NY US",1/24/24,35,39,32
USW00014771,"SYRACUSE HANCOCK INTERNATIONAL AIRPORT, NY US",1/25/24,37,40,35
USW00014771,"SYRACUSE HANCOCK INTERNATIONAL AIRPORT, NY US",1/26/24,37,47,33
USW00014771,"SYRACUSE HANCOCK INTERNATIONAL AIRPORT, NY US",1/27/24,35,39,33
USW00014771,"SYRACUSE HANCOCK INTERNATIONAL AIRPORT, NY US",1/28/24,36,38,32
USW00014771,"SYRACUSE HANCOCK INTERNATIONAL AIRPORT, NY US",1/29/24,32,33,29
USW00014771,"SYRACUSE HANCOCK INTERNATIONAL AIRPORT, NY US",1/30/24,31,33,30
USW00014771,"SYRACUSE HANCOCK INTERNATIONAL AIRPORT, NY US",1/31/24,35,43,32
USW00014771,"SYRACUSE HANCOCK INTERNATIONAL AIRPORT, NY US",2/1/24,39,40,37
USW00014771,"SYRACUSE HANCOCK INTERNATIONAL AIRPORT, NY US",2/2/24,38,40,32
USW00014771,"SYRACUSE HANCOCK INTERNATIONAL AIRPORT, NY US",2/3/24,32,37,27
USW00014771,"SYRACUSE HANCOCK INTERNATIONAL AIRPORT, NY US",2/4/24,31,43,23
USW00014771,"SYRACUSE HANCOCK INTERNATIONAL AIRPORT, NY US",2/5/24,34,43,26
USW00014771,"SYRACUSE HANCOCK INTERNATIONAL AIRPORT, NY US",2/6/24,30,42,19
USW00014771,"SYRACUSE HANCOCK INTERNATIONAL AIRPORT, NY US",2/7/24,31,42,22
USW00014771,"SYRACUSE HANCOCK INTERNATIONAL AIRPORT, NY US",2/8/24,40,58,29
USW00014771,"SYRACUSE HANCOCK INTERNATIONAL AIRPORT, NY US",2/9/24,50,63,42
USW00014771,"SYRACUSE HANCOCK INTERNATIONAL AIRPORT, NY US",2/10/24,54,61,42
USW00014771,"SYRACUSE HANCOCK INTERNATIONAL AIRPORT, NY US",2/11/24,40,42,36
USW00014771,"SYRACUSE HANCOCK INTERNATIONAL AIRPORT, NY US",2/12/24,36,38,29
USW00014771,"SYRACUSE HANCOCK INTERNATIONAL AIRPORT, NY US",2/13/24,34,43,27
USW00014771,"SYRACUSE HANCOCK INTERNATIONAL AIRPORT, NY US",2/14/24,26,30,18
USW00014771,"SYRACUSE HANCOCK INTERNATIONAL AIRPORT, NY US",2/15/24,26,37,17
USW00014771,"SYRACUSE HANCOCK INTERNATIONAL AIRPORT, NY US",2/16/24,33,36,27
USW00014771,"SYRACUSE HANCOCK INTERNATIONAL AIRPORT, NY US",2/17/24,26,29,18
USW00014771,"SYRACUSE HANCOCK INTERNATIONAL AIRPORT, NY US",2/18/24,24,32,20
USW00014771,"SYRACUSE HANCOCK INTERNATIONAL AIRPORT, NY US",2/19/24,26,32,14
USW00014771,"SYRACUSE HANCOCK INTERNATIONAL AIRPORT, NY US",2/20/24,21,40,7
USW00014771,"SYRACUSE HANCOCK INTERNATIONAL AIRPORT, NY US",2/21/24,33,49,20
USW00014771,"SYRACUSE HANCOCK INTERNATIONAL AIRPORT, NY US",2/22/24,39,41,35
USW00014771,"SYRACUSE HANCOCK INTERNATIONAL AIRPORT, NY US",2/23/24,41,52,29
USW00014771,"SYRACUSE HANCOCK INTERNATIONAL AIRPORT, NY US",2/24/24,24,29,13
USW00014771,"SYRACUSE HANCOCK INTERNATIONAL AIRPORT, NY US",2/25/24,27,47,17
USW00014771,"SYRACUSE HANCOCK INTERNATIONAL AIRPORT, NY US",2/26/24,45,54,35
USW00014771,"SYRACUSE HANCOCK INTERNATIONAL AIRPORT, NY US",2/27/24,50,71,33
USW00014771,"SYRACUSE HANCOCK INTERNATIONAL AIRPORT, NY US",2/28/24,57,64,25
USW00014771,"SYRACUSE HANCOCK INTERNATIONAL AIRPORT, NY US",2/29/24,25,25,20
USW00014771,"SYRACUSE HANCOCK INTERNATIONAL AIRPORT, NY US",3/1/24,31,50,19
USW00014771,"SYRACUSE HANCOCK INTERNATIONAL AIRPORT, NY US",3/2/24,42,44,39
USW00014771,"SYRACUSE HANCOCK INTERNATIONAL AIRPORT, NY US",3/3/24,44,50,41
USW00014771,"SYRACUSE HANCOCK INTERNATIONAL AIRPORT, NY US",3/4/24,54,71,40
USW00014771,"SYRACUSE HANCOCK INTERNATIONAL AIRPORT, NY US",3/5/24,53,57,45
USW00014771,"SYRACUSE HANCOCK INTERNATIONAL AIRPORT, NY US",3/6/24,48,52,42
USW00014771,"SYRACUSE HANCOCK INTERNATIONAL AIRPORT, NY US",3/7/24,45,57,35
USW00014771,"SYRACUSE HANCOCK INTERNATIONAL AIRPORT, NY US",3/8/24,43,59,29
USW00014771,"SYRACUSE HANCOCK INTERNATIONAL AIRPORT, NY US",3/9/24,47,50,39
USW00014771,"SYRACUSE HANCOCK INTERNATIONAL AIRPORT, NY US",3/10/24,38,41,28
USW00014771,"SYRACUSE HANCOCK INTERNATIONAL AIRPORT, NY US",3/11/24,34,43,28
USW00014771,"SYRACUSE HANCOCK INTERNATIONAL AIRPORT, NY US",3/12/24,44,59,29
USW00014771,"SYRACUSE HANCOCK INTERNATIONAL AIRPORT, NY US",3/13/24,49,72,34
USW00014771,"SYRACUSE HANCOCK INTERNATIONAL AIRPORT, NY US",3/14/24,51,64,38
USW00014771,"SYRACUSE HANCOCK INTERNATIONAL AIRPORT, NY US",3/15/24,49,51,41
USW00014771,"SYRACUSE HANCOCK INTERNATIONAL AIRPORT, NY US",3/16/24,45,56,39
USW00014771,"SYRACUSE HANCOCK INTERNATIONAL AIRPORT, NY US",3/17/24,46,54,36
USW00014771,"SYRACUSE HANCOCK INTERNATIONAL AIRPORT, NY US",3/18/24,36,38,32
USW00014771,"SYRACUSE HANCOCK INTERNATIONAL AIRPORT, NY US",3/19/24,33,40,28
USW00014771,"SYRACUSE HANCOCK INTERNATIONAL AIRPORT, NY US",3/20/24,36,43,26
USW00014771,"SYRACUSE HANCOCK INTERNATIONAL AIRPORT, NY US",3/21/24,27,30,24
USW00014771,"SYRACUSE HANCOCK INTERNATIONAL AIRPORT, NY US",3/22/24,25,28,20
USW00014771,"SYRACUSE HANCOCK INTERNATIONAL AIRPORT, NY US",3/23/24,27,32,15
USW00014771,"SYRACUSE HANCOCK INTERNATIONAL AIRPORT, NY US",3/24/24,23,35,10
USW00014771,"SYRACUSE HANCOCK INTERNATIONAL AIRPORT, NY US",3/25/24,33,50,20
USW00014771,"SYRACUSE HANCOCK INTERNATIONAL AIRPORT, NY US",3/26/24,45,62,34
USW00014771,"SYRACUSE HANCOCK INTERNATIONAL AIRPORT, NY US",3/27/24,54,65,44
USW00014771,"SYRACUSE HANCOCK INTERNATIONAL AIRPORT, NY US",3/28/24,44,49,37
USW00014771,"SYRACUSE HANCOCK INTERNATIONAL AIRPORT, NY US",3/29/24,38,45,30
USW00014771,"SYRACUSE HANCOCK INTERNATIONAL AIRPORT, NY US",3/30/24,41,49,36
USW00014771,"SYRACUSE HANCOCK INTERNATIONAL AIRPORT, NY US",3/31/24,44,52,36
USW00014771,"SYRACUSE HANCOCK INTERNATIONAL AIRPORT, NY US",4/1/24,44,61,34
USW00014771,"SYRACUSE HANCOCK INTERNATIONAL AIRPORT, NY US",4/2/24,44,49,36
USW00014771,"SYRACUSE HANCOCK INTERNATIONAL AIRPORT, NY US",4/3/24,43,46,37
USW00014771,"SYRACUSE HANCOCK INTERNATIONAL AIRPORT, NY US",4/4/24,37,40,33
USW00014771,"SYRACUSE HANCOCK INTERNATIONAL AIRPORT, NY US",4/5/24,37,43,33
USW00014771,"SYRACUSE HANCOCK INTERNATIONAL AIRPORT, NY US",4/6/24,44,53,38
USW00014771,"SYRACUSE HANCOCK INTERNATIONAL AIRPORT, NY US",4/7/24,49,58,36
USW00014771,"SYRACUSE HANCOCK INTERNATIONAL AIRPORT, NY US",4/8/24,47,64,29
USW00014771,"SYRACUSE HANCOCK INTERNATIONAL AIRPORT, NY US",4/9/24,58,78,39
USW00014771,"SYRACUSE HANCOCK INTERNATIONAL AIRPORT, NY US",4/10/24,63,70,54
USW00014771,"SYRACUSE HANCOCK INTERNATIONAL AIRPORT, NY US",4/11/24,59,69,54
USW00014771,"SYRACUSE HANCOCK INTERNATIONAL AIRPORT, NY US",4/12/24,62,67,45
USW00014771,"SYRACUSE HANCOCK INTERNATIONAL AIRPORT, NY US",4/13/24,44,48,39
USW00014771,"SYRACUSE HANCOCK INTERNATIONAL AIRPORT, NY US",4/14/24,48,58,40
USW00014771,"SYRACUSE HANCOCK INTERNATIONAL AIRPORT, NY US",4/15/24,49,61,39
USW00014771,"SYRACUSE HANCOCK INTERNATIONAL AIRPORT, NY US",4/16/24,53,65,38
USW00014771,"SYRACUSE HANCOCK INTERNATIONAL AIRPORT, NY US",4/17/24,49,61,35
USW00014771,"SYRACUSE HANCOCK INTERNATIONAL AIRPORT, NY US",4/18/24,51,52,46
USW00014771,"SYRACUSE HANCOCK INTERNATIONAL AIRPORT, NY US",4/19/24,50,59,46
USW00014771,"SYRACUSE HANCOCK INTERNATIONAL AIRPORT, NY US",4/20/24,50,57,39
USW00014771,"SYRACUSE HANCOCK INTERNATIONAL AIRPORT, NY US",4/21/24,43,49,40
USW00014771,"SYRACUSE HANCOCK INTERNATIONAL AIRPORT, NY US",4/22/24,45,56,35
USW00014771,"SYRACUSE HANCOCK INTERNATIONAL AIRPORT, NY US",4/23/24,53,71,36
USW00014771,"SYRACUSE HANCOCK INTERNATIONAL AIRPORT, NY US",4/24/24,51,53,34
USW00014771,"SYRACUSE HANCOCK INTERNATIONAL AIRPORT, NY US",4/25/24,40,53,28
USW00014771,"SYRACUSE HANCOCK INTERNATIONAL AIRPORT, NY US",4/26/24,44,63,29
USW00014771,"SYRACUSE HANCOCK INTERNATIONAL AIRPORT, NY US",4/27/24,53,63,44
USW00014771,"SYRACUSE HANCOCK INTERNATIONAL AIRPORT, NY US",4/28/24,58,75,48
USW00014771,"SYRACUSE HANCOCK INTERNATIONAL AIRPORT, NY US",4/29/24,63,72,57
USW00014771,"SYRACUSE HANCOCK INTERNATIONAL AIRPORT, NY US",4/30/24,62,74,54
USW00014771,"SYRACUSE HANCOCK INTERNATIONAL AIRPORT, NY US",5/1/24,60,73,51
USW00014771,"SYRACUSE HANCOCK INTERNATIONAL AIRPORT, NY US",5/2/24,63,69,50
USW00014771,"SYRACUSE HANCOCK INTERNATIONAL AIRPORT, NY US",5/3/24,61,78,46
USW00014771,"SYRACUSE HANCOCK INTERNATIONAL AIRPORT, NY US",5/4/24,65,71,54
USW00014771,"SYRACUSE HANCOCK INTERNATIONAL AIRPORT, NY US",5/5/24,57,61,52
USW00014771,"SYRACUSE HANCOCK INTERNATIONAL AIRPORT, NY US",5/6/24,63,73,49
USW00014771,"SYRACUSE HANCOCK INTERNATIONAL AIRPORT, NY US",5/7/24,59,77,44
USW00014771,"SYRACUSE HANCOCK INTERNATIONAL AIRPORT, NY US",5/8/24,63,80,53
USW00014771,"SYRACUSE HANCOCK INTERNATIONAL AIRPORT, NY US",5/9/24,57,66,51
USW00014771,"SYRACUSE HANCOCK INTERNATIONAL AIRPORT, NY US",5/10/24,55,58,52
USW00014771,"SYRACUSE HANCOCK INTERNATIONAL AIRPORT, NY US",5/11/24,56,64,51
USW00014771,"SYRACUSE HANCOCK INTERNATIONAL AIRPORT, NY US",5/12/24,56,63,49
USW00014771,"SYRACUSE HANCOCK INTERNATIONAL AIRPORT, NY US",5/13/24,57,72,46
USW00014771,"SYRACUSE HANCOCK INTERNATIONAL AIRPORT, NY US",5/14/24,69,83,60
USW00014771,"SYRACUSE HANCOCK INTERNATIONAL AIRPORT, NY US",5/15/24,63,68,59
USW00014771,"SYRACUSE HANCOCK INTERNATIONAL AIRPORT, NY US",5/16/24,66,77,60
USW00014771,"SYRACUSE HANCOCK INTERNATIONAL AIRPORT, NY US",5/17/24,68,78,58
USW00014771,"SYRACUSE HANCOCK INTERNATIONAL AIRPORT, NY US",5/18/24,66,71,60
USW00014771,"SYRACUSE HANCOCK INTERNATIONAL AIRPORT, NY US",5/19/24,69,83,56
USW00014771,"SYRACUSE HANCOCK INTERNATIONAL AIRPORT, NY US",5/20/24,72,87,59
USW00014771,"SYRACUSE HANCOCK INTERNATIONAL AIRPORT, NY US",5/21/24,76,90,63
USW00014771,"SYRACUSE HANCOCK INTERNATIONAL AIRPORT, NY US",5/22/24,78,93,63
USW00014771,"SYRACUSE HANCOCK INTERNATIONAL AIRPORT, NY US",5/23/24,72,81,61
USW00014771,"SYRACUSE HANCOCK INTERNATIONAL AIRPORT, NY US",5/24/24,70,80,57
USW00014771,"SYRACUSE HANCOCK INTERNATIONAL AIRPORT, NY US",5/25/24,64,80,51
USW00014771,"SYRACUSE HANCOCK INTERNATIONAL AIRPORT, NY US",5/26/24,68,81,61
USW00014771,"SYRACUSE HANCOCK INTERNATIONAL AIRPORT, NY US",5/27/24,73,80,65
USW00014771,"SYRACUSE HANCOCK INTERNATIONAL AIRPORT, NY US",5/28/24,67,72,59
USW00014771,"SYRACUSE HANCOCK INTERNATIONAL AIRPORT, NY US",5/29/24,63,70,53
USW00014771,"SYRACUSE HANCOCK INTERNATIONAL AIRPORT, NY US",5/30/24,59,68,45
USW00014771,"SYRACUSE HANCOCK INTERNATIONAL AIRPORT, NY US",5/31/24,61,75,47
USW00014771,"SYRACUSE HANCOCK INTERNATIONAL AIRPORT, NY US",6/1/24,67,82,52
USW00014771,"SYRACUSE HANCOCK INTERNATIONAL AIRPORT, NY US",6/2/24,66,81,53
USW00014771,"SYRACUSE HANCOCK INTERNATIONAL AIRPORT, NY US",6/3/24,70,82,62
USW00014771,"SYRACUSE HANCOCK INTERNATIONAL AIRPORT, NY US",6/4/24,75,89,61
USW00014771,"SYRACUSE HANCOCK INTERNATIONAL AIRPORT, NY US",6/5/24,78,89,68
USW00014771,"SYRACUSE HANCOCK INTERNATIONAL AIRPORT, NY US",6/6/24,76,81,66
USW00014771,"SYRACUSE HANCOCK INTERNATIONAL AIRPORT, NY US",6/7/24,66,72,58
USW00014771,"SYRACUSE HANCOCK INTERNATIONAL AIRPORT, NY US",6/8/24,63,74,58
USW00014771,"SYRACUSE HANCOCK INTERNATIONAL AIRPORT, NY US",6/9/24,62,72,55
USW00014771,"SYRACUSE HANCOCK INTERNATIONAL AIRPORT, NY US",6/10/24,58,61,55
USW00014771,"SYRACUSE HANCOCK INTERNATIONAL AIRPORT, NY US",6/11/24,59,65,55
USW00014771,"SYRACUSE HANCOCK INTERNATIONAL AIRPORT, NY US",6/12/24,63,73,56
USW00014771,"SYRACUSE HANCOCK INTERNATIONAL AIRPORT, NY US",6/13/24,70,89,53
USW00014771,"SYRACUSE HANCOCK INTERNATIONAL AIRPORT, NY US",6/14/24,76,79,62
USW00014771,"SYRACUSE HANCOCK INTERNATIONAL AIRPORT, NY US",6/15/24,67,77,53
USW00014771,"SYRACUSE HANCOCK INTERNATIONAL AIRPORT, NY US",6/16/24,65,81,50
USW00014771,"SYRACUSE HANCOCK INTERNATIONAL AIRPORT, NY US",6/17/24,79,94,66
USW00014771,"SYRACUSE HANCOCK INTERNATIONAL AIRPORT, NY US",6/18/24,83,94,72
USW00014771,"SYRACUSE HANCOCK INTERNATIONAL AIRPORT, NY US",6/19/24,87,95,77
USW00014771,"SYRACUSE HANCOCK INTERNATIONAL AIRPORT, NY US",6/20/24,84,93,72
USW00014771,"SYRACUSE HANCOCK INTERNATIONAL AIRPORT, NY US",6/21/24,80,91,69
USW00014771,"SYRACUSE HANCOCK INTERNATIONAL AIRPORT, NY US",6/22/24,79,89,71
USW00014771,"SYRACUSE HANCOCK INTERNATIONAL AIRPORT, NY US",6/23/24,82,89,69
USW00014771,"SYRACUSE HANCOCK INTERNATIONAL AIRPORT, NY US",6/24/24,70,80,62
USW00014771,"SYRACUSE HANCOCK INTERNATIONAL AIRPORT, NY US",6/25/24,74,87,64
USW00014771,"SYRACUSE HANCOCK INTERNATIONAL AIRPORT, NY US",6/26/24,79,86,65
USW00014771,"SYRACUSE HANCOCK INTERNATIONAL AIRPORT, NY US",6/27/24,68,73,56
USW00014771,"SYRACUSE HANCOCK INTERNATIONAL AIRPORT, NY US",6/28/24,65,82,50
USW00014771,"SYRACUSE HANCOCK INTERNATIONAL AIRPORT, NY US",6/29/24,70,79,63
USW00014771,"SYRACUSE HANCOCK INTERNATIONAL AIRPORT, NY US",6/30/24,76,82,61
USW00014771,"SYRACUSE HANCOCK INTERNATIONAL AIRPORT, NY US",7/1/24,67,76,57
USW00014771,"SYRACUSE HANCOCK INTERNATIONAL AIRPORT, NY US",7/2/24,68,83,53
USW00014771,"SYRACUSE HANCOCK INTERNATIONAL AIRPORT, NY US",7/3/24,78,90,69
USW00014771,"SYRACUSE HANCOCK INTERNATIONAL AIRPORT, NY US",7/4/24,83,91,75
USW00014771,"SYRACUSE HANCOCK INTERNATIONAL AIRPORT, NY US",7/5/24,80,90,73
USW00014771,"SYRACUSE HANCOCK INTERNATIONAL AIRPORT, NY US",7/6/24,80,90,71
USW00014771,"SYRACUSE HANCOCK INTERNATIONAL AIRPORT, NY US",7/7/24,78,87,69
USW00014771,"SYRACUSE HANCOCK INTERNATIONAL AIRPORT, NY US",7/8/24,78,93,67
USW00014771,"SYRACUSE HANCOCK INTERNATIONAL AIRPORT, NY US",7/9/24,80,91,70
USW00014771,"SYRACUSE HANCOCK INTERNATIONAL AIRPORT, NY US",7/10/24,82,97,73
USW00014771,"SYRACUSE HANCOCK INTERNATIONAL AIRPORT, NY US",7/11/24,75,79,71
USW00014771,"SYRACUSE HANCOCK INTERNATIONAL AIRPORT, NY US",7/12/24,76,86,70
USW00014771,"SYRACUSE HANCOCK INTERNATIONAL AIRPORT, NY US",7/13/24,78,88,67
USW00014771,"SYRACUSE HANCOCK INTERNATIONAL AIRPORT, NY US",7/14/24,77,92,63
USW00014771,"SYRACUSE HANCOCK INTERNATIONAL AIRPORT, NY US",7/15/24,83,94,73
USW00014771,"SYRACUSE HANCOCK INTERNATIONAL AIRPORT, NY US",7/16/24,78,93,69
USW00014771,"SYRACUSE HANCOCK INTERNATIONAL AIRPORT, NY US",7/17/24,77,84,68
USW00014771,"SYRACUSE HANCOCK INTERNATIONAL AIRPORT, NY US",7/18/24,73,79,65
USW00014771,"SYRACUSE HANCOCK INTERNATIONAL AIRPORT, NY US",7/19/24,70,82,60
USW00014771,"SYRACUSE HANCOCK INTERNATIONAL AIRPORT, NY US",7/20/24,72,84,59
USW00014771,"SYRACUSE HANCOCK INTERNATIONAL AIRPORT, NY US",7/21/24,74,85,62
USW00014771,"SYRACUSE HANCOCK INTERNATIONAL AIRPORT, NY US",7/22/24,75,89,63
USW00014771,"SYRACUSE HANCOCK INTERNATIONAL AIRPORT, NY US",7/23/24,74,84,69
USW00014771,"SYRACUSE HANCOCK INTERNATIONAL AIRPORT, NY US",7/24/24,76,89,67
USW00014771,"SYRACUSE HANCOCK INTERNATIONAL AIRPORT, NY US",7/25/24,74,79,65
USW00014771,"SYRACUSE HANCOCK INTERNATIONAL AIRPORT, NY US",7/26/24,72,82,62
USW00014771,"SYRACUSE HANCOCK INTERNATIONAL AIRPORT, NY US",7/27/24,71,86,58
USW00014771,"SYRACUSE HANCOCK INTERNATIONAL AIRPORT, NY US",7/28/24,74,88,61
USW00014771,"SYRACUSE HANCOCK INTERNATIONAL AIRPORT, NY US",7/29/24,74,88,63
USW00014771,"SYRACUSE HANCOCK INTERNATIONAL AIRPORT, NY US",7/30/24,78,93,65
USW00014771,"SYRACUSE HANCOCK INTERNATIONAL AIRPORT, NY US",7/31/24,81,87,74
USW00014771,"SYRACUSE HANCOCK INTERNATIONAL AIRPORT, NY US",8/1/24,81,93,72
USW00014771,"SYRACUSE HANCOCK INTERNATIONAL AIRPORT, NY US",8/2/24,78,86,70
USW00014771,"SYRACUSE HANCOCK INTERNATIONAL AIRPORT, NY US",8/3/24,76,87,69
USW00014771,"SYRACUSE HANCOCK INTERNATIONAL AIRPORT, NY US",8/4/24,80,90,71
USW00014771,"SYRACUSE HANCOCK INTERNATIONAL AIRPORT, NY US",8/5/24,78,89,67
USW00014771,"SYRACUSE HANCOCK INTERNATIONAL AIRPORT, NY US",8/6/24,73,75,63
USW00014771,"SYRACUSE HANCOCK INTERNATIONAL AIRPORT, NY US",8/7/24,70,81,57
USW00014771,"SYRACUSE HANCOCK INTERNATIONAL AIRPORT, NY US",8/8/24,68,74,62
USW00014771,"SYRACUSE HANCOCK INTERNATIONAL AIRPORT, NY US",8/9/24,70,80,67
USW00014771,"SYRACUSE HANCOCK INTERNATIONAL AIRPORT, NY US",8/10/24,74,81,63
USW00014771,"SYRACUSE HANCOCK INTERNATIONAL AIRPORT, NY US",8/11/24,69,78,60
USW00014771,"SYRACUSE HANCOCK INTERNATIONAL AIRPORT, NY US",8/12/24,66,75,60
USW00014771,"SYRACUSE HANCOCK INTERNATIONAL AIRPORT, NY US",8/13/24,70,82,60
USW00014771,"SYRACUSE HANCOCK INTERNATIONAL AIRPORT, NY US",8/14/24,72,85,61
USW00014771,"SYRACUSE HANCOCK INTERNATIONAL AIRPORT, NY US",8/15/24,73,86,62
USW00014771,"SYRACUSE HANCOCK INTERNATIONAL AIRPORT, NY US",8/16/24,73,88,59
USW00014771,"SYRACUSE HANCOCK INTERNATIONAL AIRPORT, NY US",8/17/24,76,82,68
USW00014771,"SYRACUSE HANCOCK INTERNATIONAL AIRPORT, NY US",8/18/24,75,83,69
USW00014771,"SYRACUSE HANCOCK INTERNATIONAL AIRPORT, NY US",8/19/24,68,71,58
USW00014771,"SYRACUSE HANCOCK INTERNATIONAL AIRPORT, NY US",8/20/24,60,68,55
USW00014771,"SYRACUSE HANCOCK INTERNATIONAL AIRPORT, NY US",8/21/24,60,68,54
USW00014771,"SYRACUSE HANCOCK INTERNATIONAL AIRPORT, NY US",8/22/24,65,77,57